id,first_name,last_name,email,phone_number,username,password,isActive,role
1,Crissie,Porker,cporker0@blog.com,4199647146,cporker0,YWQTBjc1,0,3
2,Jermain,Hewell,jhewell1@nature.com,5377139998,jhewell1,BgQCYXY,0,3
3,Samuel,Trammel,strammel2@bloglines.com,2663143051,strammel2,0ITSlth,1,1
4,Appolonia,Bolding,abolding3@edublogs.org,9512545251,abolding3,Xl6xJz,1,4
5,Berni,Kerwin,bkerwin4@dailymotion.com,5153450741,bkerwin4,uTwgSRb,0,4
6,Thom,Garie,tgarie5@apple.com,2901450622,tgarie5,hjvW5KsoL,1,3
7,Abigale,Battaille,abattaille6@state.tx.us,1404212198,abattaille6,uuXIAuxkJLe5,1,2
8,Frannie,Macy,fmacy7@paginegialle.it,1917273592,fmacy7,kAqlNWZOwj,0,1
9,Tomasine,Wesker,twesker8@umich.edu,6473676722,twesker8,tL2wGVjtFs,1,2
10,Josefina,Hukin,jhukin9@redcross.org,5908846973,jhukin9,ftASIafij0A,1,3
11,Viola,Ivory,vivorya@ebay.co.uk,5841933084,vivorya,AlFue3,0,4
12,Merla,Pezey,mpezeyb@ucla.edu,6719346057,mpezeyb,cocAxM,1,3
13,Richardo,Pawlicki,rpawlickic@elegantthemes.com,2154794502,rpawlickic,I3EKvZ,1,2
14,Janith,Rudland,jrudlandd@networksolutions.com,2576929411,jrudlandd,4fBKhJU6mdS3,0,2
15,Meggie,Soame,msoamee@fotki.com,2499341228,msoamee,v0Ycz4ORSvx,0,3
16,Claiborne,Keward,ckewardf@sfgate.com,8155718456,ckewardf,RqTwocuA,1,3
17,Emery,Beecham,ebeechamg@shop-pro.jp,2424956183,ebeechamg,gTy7s3Jd88vV,1,3
18,Corey,Southall,csouthallh@ca.gov,6588459256,csouthallh,RhikcpUFu4,1,3
19,Shirleen,Boscott,sboscotti@va.gov,2338978477,sboscotti,xyNNWyhjxxD,0,1
20,Thorsten,Rosenfeld,trosenfeldj@cmu.edu,7145706171,trosenfeldj,Y45Zcyzx,1,3
21,Stacee,Wrightson,swrightsonk@sfgate.com,2757525979,swrightsonk,ekTtYIVwHR,0,4
22,Ilsa,Guillart,iguillartl@jiathis.com,1552467278,iguillartl,86wK9R,1,2
23,Hamid,Lovstrom,hlovstromm@etsy.com,4957681178,hlovstromm,o1Ydc0GpyAw,1,1
24,Anya,Keene,akeenen@godaddy.com,4104657940,akeenen,8dIS26ZcAO,0,4
25,Oran,MacQuist,omacquisto@plala.or.jp,7251360096,omacquisto,bb7qScECim,0,3
